<entityStoreData>
  <entityType name="JabberFilter" extends="Filter">
      <constant name="class" type="string" 
        value="com.vordel.jabber.filter.JabberFilter"/>
      <field name="fromEmailAddress" type="string" cardinality="1"/>
      <field name="password" type="string" cardinality="1"/>
      <field name="resourceName" type="string" cardinality="1"/>
      <field name="toEmailAddress" type="string" cardinality="1"/>
      <field name="messageStr" type="string" cardinality="1"/>
   </entityType>    
</entityStoreData>