<ui>
 <panel columns="2">
  <NameAttribute />

  <!-- Connection settings -->   	 
  <group label="CONNECTION_SETTINGS_LABEL" 
    columns="2" span="2" fill="false">         	 
    
    <TextAttribute field="fromEmailAddress"
      label="FROM_EMAIL_ADDRESS_LABEL"
      displayName="FROM_EMAIL_ADDRESS_DISP_NAME"/>
    <PasswordAttribute field="password" 
      label="FROM_PASSWORD_LABEL"
      displayName="FROM_PASSWORD_DISP_NAME"/>
    <TextAttribute field="resourceName" 
      label="RESOURCE_NAME_LABEL"
      displayName="RESOURCE_NAME_DISP_NAME"/>
  </group>
  
  <!-- Chat Settings -->    
  <group label="CHAT_SETTINGS_LABEL" 
    columns="2" span="2" fill="false">
    
    <TextAttribute field="toEmailAddress"
      label="TO_EMAIL_ADDRESS_LABEL"
      displayName="TO_EMAIL_ADDRESS_DISP_NAME"/>
    <TextAttribute field="messageStr" 
      label="MESSAGE_LABEL"
      displayName="MESSAGE_DISP_NAME"/>
  </group>			 
 </panel>
</ui>