<ui>
	<panel columns="2" span="2">
		<NameAttribute />
		<!-- Connection settings -->
		<group label="CERTIFICATE_SETTINGS_LABEL" columns="2" span="2"
			fill="false">
			<FileChooserText field="certLoc" label="JSON_DECRYPT_CERTLOC"
				required="true" />
		</group>
		<group label="CERTIFICATE_INFO_LABEL" columns="2" span="2" fill="false">
			<TextAttribute field="certAlias" label="JSON_DECRYPT_CERTALIAS"
				required="true" />
			<PasswordAttribute field="certPass" label="JSON_DECRYPT_CERTPASS" />
		</group>
	</panel>
</ui>