<entityStoreData xmlns="http://www.vordel.com/2005/06/24/entityStore">
<metaInfo flags="138">
	<exportRoots>
		<key type='FilterCircuit'>
			<id field='name' value='API Promotion'/>
		</key>
		<key type='ESConfiguration'>
			<id field='name' value='Entity Store Configuration'/>
		</key>
		<key type='AuthProfilesGroup'>
			<id field='name' value='Auth Profiles'/>
			<key type='BasicAuthGroup'>
				<id field='name' value='HTTP Basic'/>
				<key type='BasicProfile'>
					<id field='name' value='api manager'/>
				</key>
			</key>
		</key>
	</exportRoots>
	<typeVersions>
		<type name="AuthProfilesGroup" version="0"/>
		<type name="BasicAuthGroup" version="0"/>
		<type name="BasicProfile" version="0"/>
		<type name="ChangeMessageFilter" version="0"/>
		<type name="ConnectToURLFilter" version="4"/>
		<type name="ConnectionFilter" version="16"/>
		<type name="ConversionFilter" version="0"/>
		<type name="CopyAttribute" version="0"/>
		<type name="CopyAttributeFilter" version="1"/>
		<type name="ESConfiguration" version="21"/>
		<type name="Entity" version="0"/>
		<type name="Filter" version="5"/>
		<type name="FilterCircuit" version="4"/>
		<type name="JavaScriptFilter" version="3"/>
		<type name="NamedAuthnProfile" version="0"/>
		<type name="NamedGroup" version="0"/>
		<type name="NamedTopLevelGroup" version="0"/>
		<type name="Reflector" version="0"/>
		<type name="RootChild" version="0"/>
		<type name="SaveToFileFilter" version="2"/>
		<type name="SetHTTPStatusCode" version="0"/>
	</typeVersions>
	<realizedTypes><![CDATA[
<entityStoreData>
<entityType xmlns="http://www.vordel.com/2005/06/24/entityStore" abstract="true" extends="Entity" name="RootChild"/>
<entityType xmlns="http://www.vordel.com/2005/06/24/entityStore" extends="RootChild" name="ESConfiguration">
        <constant name="_version" type="integer" value="21"/>
        <!--
            Give this singleton a key.
        -->
        <field isKey="true" name="name" type="string"/>
        <!-- 
            We use this field to verify that the passphrase for the 
            encryped data is synchronized between the server and client, and
            between multiple invocations of the client
        -->
        <field name="passphraseTest" type="encrypted"/>
        <field name="version" type="string"/>
        <!-- The product key should never change for the lifetime of the product -->
        <field name="productKey" type="string"/>
        <field cardinality="?" name="gitrev" type="string"/>
    </entityType>
<entityType xmlns="http://www.vordel.com/2005/06/24/entityStore" extends="RootChild" name="FilterCircuit">
        <constant name="_version" type="integer" value="4"/>
		<componentType cardinality="*" name="Filter"/>
		<componentType cardinality="1" name="BoundCircuit"/>
		<componentType cardinality="*" name="Property"/>
		<field cardinality="1" name="start" type="@Filter"/>
		<field cardinality="?" name="fault" type="@Filter"/>
		<field isKey="true" name="name" type="string"/>
		<field cardinality="1" default="3" name="logMask" type="integer"/>

		<field cardinality="?" name="description" type="string"/>		
		<field cardinality="1" name="category" type="@PolicyCategory">
            <defaultRef>
                <key type="PolicyCategoryGroup">
                  <id field="name" value="Policy Categories"/>
                  <key type="PolicyCategory">
                      <id field="name" value="miscellaneous"/>
                  </key>
                </key>
            </defaultRef>
        </field>
	</entityType>
<entityType xmlns="http://www.vordel.com/2005/06/24/entityStore" abstract="true" extends="RootChild" name="NamedTopLevelGroup">
        <constant name="_version" type="integer" value="0"/>
		<field isKey="true" name="name" type="string"/>
	</entityType>
<entityType xmlns="http://www.vordel.com/2005/06/24/entityStore" extends="NamedTopLevelGroup" name="AuthProfilesGroup"> 
        <constant name="_version" type="integer" value="0"/>
	<componentType cardinality="*" name="OAuthGroup"/>
	<componentType cardinality="*" name="SAMLGroup"/>
	<componentType cardinality="*" name="ApiKeyGroup"/>
	<componentType cardinality="*" name="BasicAuthGroup"/>
	<componentType cardinality="*" name="KerberosGroup"/> 
	<componentType cardinality="*" name="ApiKeySignerGroup"/> 
    </entityType>
<entityType xmlns="http://www.vordel.com/2005/06/24/entityStore" abstract="true" extends="Entity" name="NamedGroup">
        <constant name="_version" type="integer" value="0"/>
		<field isKey="true" name="name" type="string"/>
	</entityType>
<entityType xmlns="http://www.vordel.com/2005/06/24/entityStore" extends="NamedGroup" name="BasicAuthGroup">
    <constant name="_version" type="integer" value="0"/>
    <componentType cardinality="*" name="BasicProfile"/>
  </entityType>
<entityType xmlns="http://www.vordel.com/2005/06/24/entityStore" extends="Entity" name="CopyAttribute">
        <constant name="_version" type="integer" value="0"/>
        <!-- Key fields -->
        <field cardinality="1" isKey="true" name="fromAttributeName" type="string"/>   
        <field cardinality="1" default="" isKey="true" name="fromAttributeNamespace" type="string"/>   
        <field cardinality="1" default="" isKey="true" name="toAttributeName" type="string"/>   
        <field cardinality="1" default="" isKey="true" name="toAttributeNamespace" type="string"/>
        <!-- Other fields -->    
        <field cardinality="?" name="attributeValue" type="string"/>
        <field cardinality="1" default="1" name="fromAttributeLocation" type="integer"/>   
        <field cardinality="1" default="1" name="toAttributeLocation" type="integer"/>           
        <field cardinality="1" default="0" name="toListAttribute" type="boolean"/>          
    </entityType>
<entityType xmlns="http://www.vordel.com/2005/06/24/entityStore" abstract="true" extends="Entity" name="NamedAuthnProfile">
    <constant name="_version" type="integer" value="0"/>
    <field cardinality="1" isKey="true" name="name" type="string"/>
  </entityType>
<entityType xmlns="http://www.vordel.com/2005/06/24/entityStore" extends="NamedAuthnProfile" name="BasicProfile">
    <constant name="_version" type="integer" value="0"/>
    <field cardinality="1" default="basic" name="httpAuthType" type="string"/>
    <field cardinality="1" name="httpAuthUser" type="string"/>
    <field cardinality="1" name="httpAuthPass" type="encrypted"/>
    <field cardinality="1" default="1" name="httpSendCredsWithoutPrompt" type="boolean"/>
  </entityType>
<entityType xmlns="http://www.vordel.com/2005/06/24/entityStore" abstract="true" extends="Entity" name="Filter">
        <constant name="_version" type="integer" value="5"/>
        <field cardinality="?" name="successNode" type="@Filter"/>
        <field cardinality="?" name="failureNode" type="@Filter"/>
        <field isKey="true" name="name" type="string"/>
        <field cardinality="1" default="2" name="logMask" type="integer"/>
        <field cardinality="1" default="Filter aborted due to exception" name="logFatal" type="string"/>
        <field cardinality="1" default="Filter failed" name="logFailure" type="string"/>
        <field cardinality="1" default="Filter passed" name="logSuccess" type="string"/>
        <field cardinality="1" name="category" type="@Category">
            <defaultRef>
                <key type="CategoryGroup">
                  <id field="name" value="Filter Categories"/>
                  <key type="Category">
                      <id field="name" value="miscellaneous"/>
                  </key>
                </key>
            </defaultRef>
        </field>
      <field cardinality="1" default="0" name="abortProcessingOnLogError" type="boolean"/>
      <field cardinality="1" default="SERVICE" name="logMaskType" type="string"/>
      <field cardinality="*" name="classloader" type="^ClassLoader"/>
    </entityType>
<entityType xmlns="http://www.vordel.com/2005/06/24/entityStore" extends="Filter" name="SaveToFileFilter">
		<constant name="_version" type="integer" value="2"/>
		<constant name="class" type="string" value="com.vordel.circuit.file.SaveToFileFilter"/>
		<field cardinality="1" default="${id}.out" name="fileName" type="string"/>
		<field cardinality="1" default="${environment.VINSTDIR}/message-archive" name="directory" type="string"/>
		<field cardinality="1" default="1000" name="maxFileSize" type="integer"/>
		<field cardinality="1" default="500" name="maxNumberFiles" type="integer"/>
		<field cardinality="1" default="0" name="includeHeaders" type="boolean"/>
		<field cardinality="1" default="0" name="includeRequestLine" type="boolean"/>
	</entityType>
<entityType xmlns="http://www.vordel.com/2005/06/24/entityStore" extends="Filter" name="CopyAttributeFilter">
        <constant name="_version" type="integer" value="1"/>
        <constant name="class" type="string" value="com.vordel.circuit.attribute.CopyAttributeFilter"/>    
	    <componentType cardinality="+" name="CopyAttribute"/>
	</entityType>
<entityType xmlns="http://www.vordel.com/2005/06/24/entityStore" abstract="true" extends="Filter" name="ConversionFilter">
        <constant name="_version" type="integer" value="0"/>
		<field cardinality="?" name="outputContentType" type="string"/> 
	</entityType>
<entityType xmlns="http://www.vordel.com/2005/06/24/entityStore" extends="ConversionFilter" name="ChangeMessageFilter">
        <constant name="_version" type="integer" value="0"/>
		<constant name="class" type="string" value="com.vordel.circuit.conversion.ChangeMessageFilter"/>
		<field cardinality="1" default="" name="body" type="string"/>	
         </entityType>
<entityType xmlns="http://www.vordel.com/2005/06/24/entityStore" extends="Filter" name="JavaScriptFilter">
        <constant name="_version" type="integer" value="3"/>
	<constant name="class" type="string" value="com.vordel.circuit.script.ScriptFilter"/>
	<field cardinality="1" default="function invoke(msg)         {            return true;         }" name="script" type="string"/>
	<field cardinality="1" default="nashorn" name="engineName" type="string"/>
        <field cardinality="*" name="requiredProperties" type="string"/>
        <field cardinality="*" name="generatedProperties" type="string"/>
        <field cardinality="*" name="consumedProperties" type="string"/>
	</entityType>
<entityType xmlns="http://www.vordel.com/2005/06/24/entityStore" extends="Filter" name="ConnectionFilter">
    <constant name="_version" type="integer" value="16"/>
    <constant name="class" type="string" value="com.vordel.circuit.net.ConnectionFilter"/>
    <componentType cardinality="1" name="SaveToFileFilter"/>
    <field cardinality="?" name="profile" type="^NamedAuthnProfile"/>

    <!-- SSL Specific -->
    <field cardinality="*" name="caCerts" type="^Certificate"/>
    <field cardinality="*" name="sslUsers" type="^Certificate"/>
    <field cardinality="1" default="true" name="useRootCerts" type="boolean"/>
    <field default="DEFAULT" name="ciphers" type="string"/> <!-- See OpenSSL "ciphers" manpage -->

    <field cardinality="?" default="0" name="sendProxyMode" type="boolean"/>	
    <field cardinality="?" default="0" name="forwardClientHostHeader" type="boolean"/>


    <field cardinality="1" default="false" name="transparentProxy" type="boolean"/>
    <field cardinality="1" default="false" name="sendReceivedContentHeaders" type="boolean"/>
    <field cardinality="1" default="true" name="handleRedirects" type="boolean"/>
    <field cardinality="1" default="false" name="performRetries" type="boolean"/>
    <field cardinality="*" name="retryHTTPRanges" type="^HTTPStatusClass"/>
    <field cardinality="1" default="5" name="retryCount" type="string"/>
    <field cardinality="1" default="500" name="retryLatency" type="string"/>
    <field cardinality="1" default="false" name="slaBreachAsFailure" type="boolean"/>
    <field cardinality="1" default="false" name="saveTransactionOnFailure" type="boolean"/>
    <field cardinality="1" default="false" name="runPolicyOnConnectionFailure" type="boolean"/>
    <field cardinality="?" name="connectionFailurePolicy" type="^FilterCircuit"/>
    <field cardinality="?" name="proxyServer" type="^ProxyServer"/>
    <field cardinality="?" default="0" name="stickyness" type="integer"/>
    <field cardinality="?" default="unnamed" name="stickyCookieName" type="string"/>
    <field cardinality="?" default="600000" name="stickyCookieExpiry" type="long"/>
    <field cardinality="?" default="" name="stickyCookiePath" type="string"/>
    <field cardinality="?" default="" name="stickyCookieDomain" type="string"/>
  </entityType>
<entityType xmlns="http://www.vordel.com/2005/06/24/entityStore" extends="ConnectionFilter" name="ConnectToURLFilter">
        <constant name="_version" type="integer" value="4"/>
		<constant name="class" type="string" value="com.vordel.circuit.net.ConnectToURLFilter"/>
		<field cardinality="1" default="${http.request.uri}" name="url" type="string"/>	
		<field cardinality="1" default="${http.request.verb}" name="method" type="string"/>	
		<field cardinality="1" default="${content.body}" name="body" type="string"/>	
		<field cardinality="1" default="${http.headers}" name="protoHeaders" type="string"/>	
	</entityType>
<entityType xmlns="http://www.vordel.com/2005/06/24/entityStore" extends="Filter" name="SetHTTPStatusCode">
        <constant name="_version" type="integer" value="0"/>
		<constant name="class" type="string" value="com.vordel.circuit.net.SetHTTPStatusFilter"/>
        <field cardinality="1" default="200" name="httpResponseStatus" type="integer"/>
	</entityType>
<entityType xmlns="http://www.vordel.com/2005/06/24/entityStore" extends="SetHTTPStatusCode" name="Reflector">
        <constant name="_version" type="integer" value="0"/>
		<constant name="class" type="string" value="com.vordel.circuit.net.ReflectFilter"/>
	</entityType>
</entityStoreData>
	]]></realizedTypes>
</metaInfo>
<entity xmlns="http://www.vordel.com/2005/06/24/entityStore"  xmlns:xsi="http://www.w3.org/2001/XMLSchema-instance" type="FilterCircuit">
	<fval name="category"><value contentType="reference">
		<key type='PolicyCategoryGroup'>
			<id field='name' value='Policy Categories'/>
			<key type='PolicyCategory'>
				<id field='name' value='miscellaneous'/>
			</key>
		</key>
	</value></fval>
	<fval name="description"><value></value></fval>
	<fval name="logMask"><value>3</value></fval>
	<fval name="name"><value>API Promotion</value></fval>
	<fval name="start"><value contentType="reference">
		<key type='FilterCircuit'>
			<id field='name' value='API Promotion'/>
			<key type='JavaScriptFilter'>
				<id field='name' value='Scripting Language Create DataURI'/>
			</key>
		</key>
	</value></fval>
</entity>
<entity xmlns="http://www.vordel.com/2005/06/24/entityStore"  xmlns:xsi="http://www.w3.org/2001/XMLSchema-instance" type="ConnectToURLFilter">
	<key type='FilterCircuit'>
		<id field='name' value='API Promotion'/>
	</key>
	<fval name="abortProcessingOnLogError"><value>0</value></fval>
	<fval name="body"><value>${content.body}</value></fval>
	<fval name="caCerts"></fval>
	<fval name="category"><value contentType="reference">
		<key type='CategoryGroup'>
			<id field='name' value='Filter Categories'/>
			<key type='Category'>
				<id field='name' value='miscellaneous'/>
			</key>
		</key>
	</value></fval>
	<fval name="ciphers"><value>DEFAULT</value></fval>
	<fval name="connectionFailurePolicy"><value contentType="reference">-1</value></fval>
	<fval name="forwardClientHostHeader"><value>0</value></fval>
	<fval name="handleRedirects"><value>1</value></fval>
	<fval name="logFailure"><value>Failed to route request to endpoint.</value></fval>
	<fval name="logFatal"><value>Error occurred while routing request to endpoint. Error: ${circuit.exception}</value></fval>
	<fval name="logMask"><value>2</value></fval>
	<fval name="logMaskType"><value>SERVICE</value></fval>
	<fval name="logSuccess"><value>Successfully routed request to endpoint</value></fval>
	<fval name="method"><value>POST</value></fval>
	<fval name="name"><value>Connect to Target API Manager</value></fval>
	<fval name="performRetries"><value>0</value></fval>
	<fval name="profile"><value contentType="reference">
<key type='AuthProfilesGroup'><id field='name' value='Auth Profiles'/><key type='BasicAuthGroup'><id field='name' value='HTTP Basic'/><key type='BasicProfile'><id field='name' value='api manager'/></key></key></key>	</value></fval>
	<fval name="protoHeaders"><value>${http.headers}</value></fval>
	<fval name="proxyServer"><value contentType="reference">-1</value></fval>
	<fval name="retryCount"><value>5</value></fval>
	<fval name="retryHTTPRanges"><value contentType="reference">-1</value></fval>
	<fval name="retryLatency"><value>500</value></fval>
	<fval name="runPolicyOnConnectionFailure"><value>0</value></fval>
	<fval name="saveTransactionOnFailure"><value>0</value></fval>
	<fval name="sendProxyMode"><value>0</value></fval>
	<fval name="sendReceivedContentHeaders"><value>0</value></fval>
	<fval name="slaBreachAsFailure"><value>0</value></fval>
	<fval name="sslUsers"><value contentType="reference">-1</value></fval>
	<fval name="stickyCookieDomain"><value></value></fval>
	<fval name="stickyCookieExpiry"><value>600000</value></fval>
	<fval name="stickyCookieName"><value>unnamed</value></fval>
	<fval name="stickyCookiePath"><value></value></fval>
	<fval name="stickyness"><value>0</value></fval>
	<fval name="successNode"><value contentType="reference">
		<key type='FilterCircuit'>
			<id field='name' value='API Promotion'/>
			<key type='Reflector'>
				<id field='name' value='Reflect Message'/>
			</key>
		</key>
	</value></fval>
	<fval name="transparentProxy"><value>0</value></fval>
	<fval name="url"><value>https://localhost:8075/api/portal/v1.3/proxies/importFromUrl</value></fval>
	<fval name="useRootCerts"><value>1</value></fval>
</entity>
<entity xmlns="http://www.vordel.com/2005/06/24/entityStore"  xmlns:xsi="http://www.w3.org/2001/XMLSchema-instance" type="SaveToFileFilter">
	<key type='FilterCircuit'>
		<id field='name' value='API Promotion'/>
		<key type='ConnectToURLFilter'>
			<id field='name' value='Connect to Target API Manager'/>
		</key>
	</key>
	<fval name="abortProcessingOnLogError"><value>0</value></fval>
	<fval name="category"><value contentType="reference">
		<key type='CategoryGroup'>
			<id field='name' value='Filter Categories'/>
			<key type='Category'>
				<id field='name' value='miscellaneous'/>
			</key>
		</key>
	</value></fval>
	<fval name="directory"><value>${environment.VINSTDIR}/message-archive</value></fval>
	<fval name="fileName"><value>${id}.out</value></fval>
	<fval name="includeHeaders"><value>0</value></fval>
	<fval name="includeRequestLine"><value>0</value></fval>
	<fval name="logFailure"><value>Filter failed</value></fval>
	<fval name="logFatal"><value>Filter aborted due to exception</value></fval>
	<fval name="logMask"><value>2</value></fval>
	<fval name="logMaskType"><value>SERVICE</value></fval>
	<fval name="logSuccess"><value>Filter passed</value></fval>
	<fval name="maxFileSize"><value>1000</value></fval>
	<fval name="maxNumberFiles"><value>500</value></fval>
	<fval name="name"><value>Persistence Details</value></fval>
</entity>
<entity xmlns="http://www.vordel.com/2005/06/24/entityStore"  xmlns:xsi="http://www.w3.org/2001/XMLSchema-instance" type="JavaScriptFilter">
	<key type='FilterCircuit'>
		<id field='name' value='API Promotion'/>
	</key>
	<fval name="abortProcessingOnLogError"><value>0</value></fval>
	<fval name="category"><value contentType="reference">
		<key type='CategoryGroup'>
			<id field='name' value='Filter Categories'/>
			<key type='Category'>
				<id field='name' value='miscellaneous'/>
			</key>
		</key>
	</value></fval>
	<fval name="consumedProperties"></fval>
	<fval name="engineName"><value>groovy</value></fval>
	<fval name="generatedProperties"><value>data.uri</value></fval>
	<fval name="logFailure"><value>Failed script filter</value></fval>
	<fval name="logFatal"><value>Error while attempt to run script filter. Error: ${circuit.exception}</value></fval>
	<fval name="logMask"><value>2</value></fval>
	<fval name="logMaskType"><value>SERVICE</value></fval>
	<fval name="logSuccess"><value>Passed script filter</value></fval>
	<fval name="name"><value>Scripting Language Create DataURI</value></fval>
	<fval name="requiredProperties"></fval>
	<fval name="script"><value>import com.vordel.common.base64.Encoder;&#xA;&#xA;def invoke(msg)         &#xA;{        &#xA;    def data = msg.get(&quot;api.promotion&quot;);&#xA;    def base64EncodedData = Encoder.encode(data.toString());&#xA;    msg.put(&quot;data.uri&quot;, &quot;data:application/octet-stream;base64,&quot; + base64EncodedData);&#xA;    return true;        &#xA;}</value></fval>
	<fval name="successNode"><value contentType="reference">
		<key type='FilterCircuit'>
			<id field='name' value='API Promotion'/>
			<key type='CopyAttributeFilter'>
				<id field='name' value='Copy / Modify Attributes'/>
			</key>
		</key>
	</value></fval>
</entity>
<entity xmlns="http://www.vordel.com/2005/06/24/entityStore"  xmlns:xsi="http://www.w3.org/2001/XMLSchema-instance" type="Reflector">
	<key type='FilterCircuit'>
		<id field='name' value='API Promotion'/>
	</key>
	<fval name="abortProcessingOnLogError"><value>0</value></fval>
	<fval name="category"><value contentType="reference">
		<key type='CategoryGroup'>
			<id field='name' value='Filter Categories'/>
			<key type='Category'>
				<id field='name' value='miscellaneous'/>
			</key>
		</key>
	</value></fval>
	<fval name="httpResponseStatus"><value>200</value></fval>
	<fval name="logFailure"><value>Failed to echo back the message</value></fval>
	<fval name="logFatal"><value>Error occurred while echoing the message. Error: ${circuit.exception}</value></fval>
	<fval name="logMask"><value>2</value></fval>
	<fval name="logMaskType"><value>SERVICE</value></fval>
	<fval name="logSuccess"><value>Successfully echoed back the message</value></fval>
	<fval name="name"><value>Reflect Message</value></fval>
</entity>
<entity xmlns="http://www.vordel.com/2005/06/24/entityStore"  xmlns:xsi="http://www.w3.org/2001/XMLSchema-instance" type="ChangeMessageFilter">
	<key type='FilterCircuit'>
		<id field='name' value='API Promotion'/>
	</key>
	<fval name="abortProcessingOnLogError"><value>0</value></fval>
	<fval name="body"><value>organizationId=${organizationId}&amp;url=${url}</value></fval>
	<fval name="category"><value contentType="reference">
		<key type='CategoryGroup'>
			<id field='name' value='Filter Categories'/>
			<key type='Category'>
				<id field='name' value='miscellaneous'/>
			</key>
		</key>
	</value></fval>
	<fval name="logFailure"><value>Failed in setting the message</value></fval>
	<fval name="logFatal"><value>Error in setting the message. Error: ${circuit.exception}</value></fval>
	<fval name="logMask"><value>2</value></fval>
	<fval name="logMaskType"><value>SERVICE</value></fval>
	<fval name="logSuccess"><value>Success in setting the message</value></fval>
	<fval name="name"><value>Set Message</value></fval>
	<fval name="outputContentType"><value>application/x-www-form-urlencoded</value></fval>
	<fval name="successNode"><value contentType="reference">
		<key type='FilterCircuit'>
			<id field='name' value='API Promotion'/>
			<key type='ConnectToURLFilter'>
				<id field='name' value='Connect to Target API Manager'/>
			</key>
		</key>
	</value></fval>
</entity>
<entity xmlns="http://www.vordel.com/2005/06/24/entityStore"  xmlns:xsi="http://www.w3.org/2001/XMLSchema-instance" type="CopyAttributeFilter">
	<key type='FilterCircuit'>
		<id field='name' value='API Promotion'/>
	</key>
	<fval name="abortProcessingOnLogError"><value>0</value></fval>
	<fval name="category"><value contentType="reference">
		<key type='CategoryGroup'>
			<id field='name' value='Filter Categories'/>
			<key type='Category'>
				<id field='name' value='miscellaneous'/>
			</key>
		</key>
	</value></fval>
	<fval name="logFailure"><value>Failed to copy attributes</value></fval>
	<fval name="logFatal"><value>Error occurred while copying attributes. Error: ${circuit.exception}</value></fval>
	<fval name="logMask"><value>2</value></fval>
	<fval name="logMaskType"><value>SERVICE</value></fval>
	<fval name="logSuccess"><value>Copied attributes successfully</value></fval>
	<fval name="name"><value>Copy / Modify Attributes</value></fval>
	<fval name="successNode"><value contentType="reference">
		<key type='FilterCircuit'>
			<id field='name' value='API Promotion'/>
			<key type='ChangeMessageFilter'>
				<id field='name' value='Set Message'/>
			</key>
		</key>
	</value></fval>
</entity>
<entity xmlns="http://www.vordel.com/2005/06/24/entityStore"  xmlns:xsi="http://www.w3.org/2001/XMLSchema-instance" type="CopyAttribute">
	<key type='FilterCircuit'>
		<id field='name' value='API Promotion'/>
		<key type='CopyAttributeFilter'>
			<id field='name' value='Copy / Modify Attributes'/>
		</key>
	</key>
	<fval name="attributeValue"><value>${data.uri}</value></fval>
	<fval name="fromAttributeLocation"><value>3</value></fval>
	<fval name="fromAttributeName"><value></value></fval>
	<fval name="fromAttributeNamespace"><value></value></fval>
	<fval name="toAttributeLocation"><value>1</value></fval>
	<fval name="toAttributeName"><value>url</value></fval>
	<fval name="toAttributeNamespace"><value></value></fval>
	<fval name="toListAttribute"><value>0</value></fval>
</entity>
<entity xmlns="http://www.vordel.com/2005/06/24/entityStore"  xmlns:xsi="http://www.w3.org/2001/XMLSchema-instance" type="CopyAttribute">
	<key type='FilterCircuit'>
		<id field='name' value='API Promotion'/>
		<key type='CopyAttributeFilter'>
			<id field='name' value='Copy / Modify Attributes'/>
		</key>
	</key>
	<fval name="attributeValue"><value>a3f4d60e-005a-43eb-bf3e-1cb01fc71473</value></fval>
	<fval name="fromAttributeLocation"><value>3</value></fval>
	<fval name="fromAttributeName"><value></value></fval>
	<fval name="fromAttributeNamespace"><value></value></fval>
	<fval name="toAttributeLocation"><value>1</value></fval>
	<fval name="toAttributeName"><value>organizationId</value></fval>
	<fval name="toAttributeNamespace"><value></value></fval>
	<fval name="toListAttribute"><value>0</value></fval>
</entity>
<entity xmlns="http://www.vordel.com/2005/06/24/entityStore"  xmlns:xsi="http://www.w3.org/2001/XMLSchema-instance" type="ESConfiguration">
	<fval name="name"><value>Entity Store Configuration</value></fval>
	<fval name="passphraseTest"><value>aHR0cDsvL3d3dy52b3JkZWwuY29t</value></fval>
	<fval name="productKey"><value>VordelGateway</value></fval>
	<fval name="version"><value>7.5.2</value></fval>
</entity>
<entity xmlns="http://www.vordel.com/2005/06/24/entityStore"  xmlns:xsi="http://www.w3.org/2001/XMLSchema-instance" type="BasicProfile">
	<key type='AuthProfilesGroup'>
		<id field='name' value='Auth Profiles'/>
		<key type='BasicAuthGroup'>
			<id field='name' value='HTTP Basic'/>
		</key>
	</key>
	<fval name="httpAuthPass"><value>Y2hhbmdlbWU=</value></fval>
	<fval name="httpAuthType"><value>basic</value></fval>
	<fval name="httpAuthUser"><value>apiadmin</value></fval>
	<fval name="httpSendCredsWithoutPrompt"><value>1</value></fval>
	<fval name="name"><value>api manager</value></fval>
</entity>
<entity xmlns="http://www.vordel.com/2005/06/24/entityStore"  xmlns:xsi="http://www.w3.org/2001/XMLSchema-instance" type="BasicAuthGroup">
	<key type='AuthProfilesGroup'>
		<id field='name' value='Auth Profiles'/>
	</key>
	<fval name="name"><value>HTTP Basic</value></fval>
</entity>
<entity xmlns="http://www.vordel.com/2005/06/24/entityStore"  xmlns:xsi="http://www.w3.org/2001/XMLSchema-instance" type="AuthProfilesGroup">
	<fval name="name"><value>Auth Profiles</value></fval>
</entity>
</entityStoreData>